Datetime,sentiment
2017-04-06,0.01965934959349594
2017-04-07,0.06763125
2017-04-08,0.13347692307692308
2017-04-09,0.10985454545454544
2017-04-10,0.12358153846153846
2017-04-11,0.04851395348837209
2017-04-12,0.06230952380952381
2017-04-13,0.13925777777777779
2017-04-14,0.081665
2017-04-15,-0.03896000000000001
2017-04-16,0.2472
2017-04-17,-0.014949253731343284
2017-04-18,0.09091746031746033
2017-04-19,0.12065764705882354
2017-04-20,0.15253863636363638
2017-04-21,0.16644375
2017-04-22,0.046944444444444455
2017-04-23,0.22292666666666663
2017-04-24,0.10833023255813953
2017-04-25,0.16421290322580645
2017-04-26,0.10803076923076925
2017-04-27,0.15908529411764705
2017-04-28,0.052726086956521735
2017-04-29,0.24771538461538462
2017-04-30,0.10136086956521739
2017-05-01,0.16376610169491526
2017-05-02,0.08448071895424836
2017-05-03,0.0972795321637427
2017-05-04,0.07454910714285715
2017-05-05,0.1571919191919192
2017-05-06,0.0934695652173913
2017-05-07,0.07642
2017-05-08,0.15662219827586207
2017-05-09,0.10216958174904943
2017-05-10,0.085888
2017-05-11,0.14593228346456694
2017-05-12,0.11235381165919282
2017-05-13,0.16928695652173914
2017-05-14,0.23299999999999998
2017-05-15,0.13408376068376068
2017-05-16,0.08177872340425532
2017-05-17,0.08065339366515838
2017-05-18,0.16384180327868852
2017-05-19,0.044073770491803284
2017-05-20,0.19798333333333332
2017-05-21,0.2310142857142857
2017-05-22,0.08377281553398058
2017-05-23,0.10664939759036145
2017-05-24,0.0350125
2017-05-25,0.08232
2017-05-26,0.08304428571428572
2017-05-27,-0.028500000000000004
2017-05-28,0.08333333333333333
2017-05-29,0.22769166666666665
2017-05-30,0.1585925
2017-05-31,0.03950684931506849
2017-06-01,0.1484486111111111
2017-06-02,0.154205
2017-06-03,0.15814666666666669
2017-06-04,0.18804117647058824
2017-06-05,0.11241111111111111
2017-06-06,0.13820168539325842
2017-06-07,0.14164257425742574
2017-06-08,0.08683012048192772
2017-06-09,0.026918343195266273
2017-06-10,0.23650399999999996
2017-06-11,0.2063578947368421
2017-06-12,0.08004615384615384
2017-06-13,0.07111975308641975
2017-06-14,0.09199197080291971
2017-06-15,0.07933802816901409
2017-06-16,0.021598347107438017
2017-06-17,0.19389166666666668
2017-06-18,0.0644
2017-06-19,0.18637235772357724
2017-06-20,0.11566470588235295
2017-06-21,0.03446630434782609
2017-06-22,0.1006358208955224
2017-06-23,0.1427107843137255
2017-06-24,0.20853809523809522
2017-06-25,0.24817333333333333
2017-06-26,0.03420227272727272
2017-06-27,0.053416521739130425
2017-06-28,0.19352127659574467
2017-06-29,0.17134370860927153
2017-06-30,0.32676374999999996
2017-07-01,0.6852857142857143
2017-07-02,0.6865791666666666
2017-07-03,0.24254065934065935
2017-07-04,0.3608508474576271
2017-07-05,0.13108101265822783
2017-07-06,0.21652549019607842
2017-07-07,0.24417553191489363
2017-07-08,0.5177499999999999
2017-07-09,0.42574285714285715
2017-07-10,0.13202454545454545
2017-07-11,0.1712841463414634
2017-07-12,0.14366879432624113
2017-07-13,0.1644470588235294
2017-07-14,0.20124464285714286
2017-07-15,0.6897333333333333
2017-07-16,0.45915555555555554
2017-07-17,0.09264424778761061
2017-07-18,0.09280389610389611
2017-07-19,0.11106990291262137
2017-07-20,0.08423125000000001
2017-07-21,0.04317083333333333
2017-07-22,0.2562333333333333
2017-07-23,0.07344
2017-07-24,0.10049278350515464
2017-07-25,0.18696825396825398
2017-07-26,0.1273
2017-07-27,0.10233478260869565
2017-07-28,0.20286103896103896
2017-07-29,0.32865555555555553
2017-07-30,0.23795454545454542
2017-07-31,0.06814313725490197
2017-08-01,0.13707321624588364
2017-08-02,0.12031754385964913
2017-08-03,0.1303748148148148
2017-08-04,0.13201917808219177
2017-08-05,0.3159230769230769
2017-08-06,0.06271176470588236
2017-08-07,0.1446140350877193
2017-08-08,0.12170707070707071
2017-08-09,0.1394278787878788
2017-08-10,0.09532344827586206
2017-08-11,0.14897008547008547
2017-08-12,0.37517500000000004
2017-08-13,0.27276666666666666
2017-08-14,0.19764573643410854
2017-08-15,0.1397740566037736
2017-08-16,0.06552380952380953
2017-08-17,0.0617036036036036
2017-08-18,0.13286095238095239
2017-08-19,0.019955555555555563
2017-08-20,0.38908
2017-08-21,0.1975904255319149
2017-08-22,0.1268809090909091
2017-08-23,0.1441698924731183
2017-08-24,0.08650285714285715
2017-08-25,0.13241818181818182
2017-08-26,0.49890769230769233
2017-08-27,0.2534
2017-08-28,0.10643809523809525
2017-08-29,0.15589055793991416
2017-08-30,0.19158903225806453
2017-08-31,0.09081904761904763
2017-09-01,0.15489080459770116
2017-09-02,0.07406153846153846
2017-09-03,0.15494375
2017-09-04,0.41841666666666666
2017-09-05,0.028414141414141416
2017-09-06,0.05541098901098901
2017-09-07,0.015848
2017-09-08,0.012820799999999999
2017-09-09,0.044709090909090914
2017-09-10,0.021182352941176475
2017-09-11,0.06977341040462427
2017-09-12,0.11253563728598606
2017-09-13,0.059846401985111666
2017-09-14,0.09709935483870967
2017-09-15,0.1602958115183246
2017-09-16,0.25700666666666666
2017-09-17,0.24461818181818182
2017-09-18,0.0540169014084507
2017-09-19,0.03755971223021583
2017-09-20,0.071424317617866
2017-09-21,0.08757579908675799
2017-09-22,0.08757453416149069
2017-09-23,0.0856
2017-09-24,0.2382392857142857
2017-09-25,0.0315078167115903
2017-09-26,0.1296575396825397
2017-09-27,0.10477957746478873
2017-09-28,0.041120212765957447
2017-09-29,0.17441546391752577
2017-09-30,0.18116363636363636
2017-10-01,0.2759642857142857
2017-10-02,0.14764857142857143
2017-10-03,0.14517252747252749
2017-10-04,0.07155248226950355
2017-10-05,0.15198373983739838
2017-10-06,0.16824166666666668
2017-10-07,0.07950434782608695
2017-10-08,0.41439333333333334
2017-10-09,0.15140357142857144
2017-10-10,0.09932113821138211
2017-10-11,0.12886808510638298
2017-10-12,0.11526060606060606
2017-10-13,0.11317613636363637
2017-10-14,0.2720058823529412
2017-10-15,0.11361764705882352
2017-10-16,0.05295367231638418
2017-10-17,0.14409411764705882
2017-10-18,0.105112
2017-10-19,-0.0326
2017-10-20,0.16222301587301588
2017-10-21,0.15095555555555557
2017-10-22,0.3356125
2017-10-23,0.06950353982300886
2017-10-24,0.061292207792207794
2017-10-25,0.13671830985915492
2017-10-26,0.18529710144927536
2017-10-27,0.13115163636363636
2017-10-28,0.2272076923076923
2017-10-29,0.2713260869565217
2017-10-30,0.1209508
2017-10-31,0.08192065727699531
2017-11-01,0.11443446601941747
2017-11-02,0.15270492021276597
2017-11-03,0.15899568788501026
2017-11-04,0.1779391304347826
2017-11-05,0.26084722222222223
2017-11-06,0.15469756097560974
2017-11-07,0.14392424242424243
2017-11-08,0.12991298076923077
2017-11-09,0.11548666666666665
2017-11-10,0.09241935483870968
2017-11-11,0.02331
2017-11-12,0.2648153846153846
2017-11-13,0.17499411764705883
2017-11-14,0.1452079646017699
2017-11-15,0.09528823529411765
2017-11-16,0.19248061224489796
2017-11-17,0.11950533333333335
2017-11-18,0.2537736842105263
2017-11-19,-0.01330000000000001
2017-11-20,0.17052727272727272
2017-11-21,0.1667279661016949
2017-11-22,0.21901720430107527
2017-11-23,0.3161538461538462
2017-11-24,0.06729347826086958
2017-11-25,-0.05397
2017-11-26,0.211795
2017-11-27,0.1413362068965517
2017-11-28,0.11562574257425742
2017-11-29,0.07004387755102041
2017-11-30,0.09872480620155039
2017-12-01,0.058651239669421484
2017-12-02,0.19911818181818183
2017-12-03,0.07295217391304348
2017-12-04,0.10922556390977443
2017-12-05,0.1369552380952381
2017-12-06,0.053107438016528924
2017-12-07,0.11507111111111112
2017-12-08,0.11113116883116883
2017-12-09,0.14503636363636363
2017-12-10,0.05358333333333333
2017-12-11,0.14832109375
2017-12-12,0.24196931818181816
2017-12-13,0.21780555555555556
2017-12-14,0.099075
2017-12-15,0.16030550458715595
2017-12-16,0.37466190476190475
2017-12-17,0.17856875
2017-12-18,0.2049973509933775
2017-12-19,0.04438794326241135
2017-12-20,0.09864523809523809
2017-12-21,0.12502857142857143
2017-12-22,0.11710769230769232
2017-12-23,0.23395882352941177
2017-12-24,0.4199
2017-12-25,0.31482692307692306
2017-12-26,0.007495852534562212
2017-12-27,0.12204137931034484
2017-12-28,0.04324895833333334
2017-12-29,0.1657531914893617
2017-12-30,0.2692782608695652
2017-12-31,0.0759857142857143
2018-01-01,0.39894117647058824
2018-01-02,0.1683186440677966
2018-01-03,0.14138275862068966
2018-01-04,0.10723478260869566
2018-01-05,0.0996032967032967
2018-01-06,0.3291866666666667
2018-01-07,0.3382764705882353
2018-01-08,0.1661488888888889
2018-01-09,0.05086574074074074
2018-01-10,0.11763269230769231
2018-01-11,0.12908732394366199
2018-01-12,0.17345675675675676
2018-01-13,0.1618125
2018-01-14,0.039357142857142854
2018-01-15,0.16657037037037037
2018-01-16,0.12299557522123894
2018-01-17,0.07254457831325302
2018-01-18,0.12579953051643192
2018-01-19,0.15038374999999998
2018-01-20,0.3607470588235294
2018-01-21,0.3244277777777778
2018-01-22,0.04870940170940172
2018-01-23,0.0931186046511628
2018-01-24,0.042499579831932775
2018-01-25,0.02864724409448819
2018-01-26,0.0630030888030888
2018-01-27,0.08673283582089553
2018-01-28,0.14707115384615385
2018-01-29,0.03099249329758713
2018-01-30,0.0520566091954023
2018-01-31,0.1071
2018-02-01,0.12206615044247789
2018-02-02,0.06531471428571428
2018-02-03,0.16488793103448274
2018-02-04,0.16698636363636365
2018-02-05,0.06832989949748744
2018-02-06,0.0906255737704918
2018-02-07,0.012614910025706942
2018-02-08,0.06054420600858369
2018-02-09,0.08285176991150442
2018-02-10,0.24664117647058822
2018-02-11,0.3516857142857143
2018-02-12,0.14467021276595746
2018-02-13,0.10789732142857143
2018-02-14,0.11602319587628866
2018-02-15,0.14339367088607594
2018-02-16,0.12264637681159421
2018-02-17,0.2899055555555556
2018-02-18,0.12137857142857143
2018-02-19,0.32048823529411763
2018-02-20,0.0873813725490196
2018-02-21,0.10653211009174313
2018-02-22,0.14808977272727272
2018-02-23,0.15812162162162163
2018-02-24,0.21469166666666664
2018-02-25,0.3300692307692307
2018-02-26,0.1576851851851852
2018-02-27,0.14946196319018407
2018-02-28,0.10081470588235295
2018-03-01,0.0481741935483871
2018-03-02,0.1275425925925926
2018-03-03,0.05323333333333335
2018-03-04,0.53265
2018-03-05,0.175303125
2018-03-06,0.06999636363636363
2018-03-07,-0.01586395348837209
2018-03-08,0.11920208333333333
2018-03-09,0.13247596153846153
2018-03-10,0.30866666666666664
2018-03-11,0.21678636363636364
2018-03-12,0.11218152866242039
2018-03-13,0.08138909090909091
2018-03-14,-0.005320370370370372
2018-03-15,0.130255
2018-03-16,0.08486774193548387
2018-03-17,0.24945
2018-03-18,0.42715000000000003
2018-03-19,0.06048962962962963
2018-03-20,0.1439619718309859
2018-03-21,-0.0018952380952380926
2018-03-22,0.07297999999999999
2018-03-23,0.008896638655462183
2018-03-24,0.26011666666666666
2018-03-25,0.2813875
2018-03-26,0.17007973856209152
2018-03-27,0.11634965986394558
2018-03-28,0.04646647727272728
2018-03-29,0.061264227642276424
2018-03-30,0.0657
2018-03-31,0.0785125
2018-04-01,-0.073065
2018-04-02,0.07612514619883042
2018-04-03,0.10851810344827587
2018-04-04,0.14951512605042017
2018-04-05,0.06996309523809524
2018-04-06,0.17400833333333335
2018-04-07,0.21024285714285715
2018-04-08,-0.243372
2018-04-09,0.20018045977011495
2018-04-10,0.130855
2018-04-11,0.1339294871794872
2018-04-12,0.05211917808219178
2018-04-13,0.17923260869565216
2018-04-14,0.14753999999999998
2018-04-15,0.22614210526315792
2018-04-16,0.16025714285714285
2018-04-17,0.05025647058823529
2018-04-18,0.1588972602739726
2018-04-19,-0.007130857142857143
2018-04-20,0.01671408775981524
2018-04-21,0.17182
2018-04-22,0.16071052631578947
2018-04-23,0.05189736842105263
2018-04-24,0.05987885714285714
2018-04-25,0.08515416666666667
2018-04-26,0.036365822784810126
2018-04-27,0.048162576687116564
2018-04-28,-0.033568181818181816
2018-04-29,0.03674705882352941
2018-04-30,0.11757024390243903
2018-05-01,0.09552234957020057
2018-05-02,0.1343093253968254
2018-05-03,0.105184375
2018-05-04,0.15256734317343174
2018-05-05,0.24654
2018-05-06,0.2187
2018-05-07,0.16038068965517244
2018-05-08,0.16139811320754718
2018-05-09,0.15116153846153846
2018-05-10,0.22490443349753694
2018-05-11,0.1555022727272727
2018-05-12,0.41402
2018-05-13,0.1252888888888889
2018-05-14,0.10791911764705882
2018-05-15,0.09661282051282052
2018-05-16,0.1338934065934066
2018-05-17,0.04002467532467532
2018-05-18,0.22845000000000001
2018-05-19,0.07386
2018-05-20,0.29063
2018-05-21,0.10245454545454546
2018-05-22,0.0806095238095238
2018-05-23,0.144816
2018-05-24,0.05312589285714286
2018-05-25,0.10171168831168832
2018-05-26,0.34349090909090907
2018-05-27,0.3224
2018-05-28,0.1625818181818182
2018-05-29,0.0874
2018-05-30,0.0768625
2018-05-31,0.08914358974358975
2018-06-01,0.20991085271317828
2018-06-02,0.08488
2018-06-03,0.15146190476190474
2018-06-04,0.13684891640866872
2018-06-05,0.14637445255474452
2018-06-06,0.11441770833333333
2018-06-07,0.111879
2018-06-08,0.05047225433526011
2018-06-09,0.14100555555555555
2018-06-10,0.038555555555555565
2018-06-11,0.11625952380952381
2018-06-12,0.08194324324324323
2018-06-13,0.04670733944954129
2018-06-14,0.10420495049504949
2018-06-15,0.10921206896551724
2018-06-16,0.19457857142857143
2018-06-17,0.19943076923076924
2018-06-18,0.13214117647058823
2018-06-19,0.04553717948717949
2018-06-20,0.10503921568627451
2018-06-21,-0.03630082644628099
2018-06-22,0.021492682926829272
2018-06-23,0.19138181818181818
2018-06-24,0.42876923076923074
2018-06-25,0.06312797202797203
2018-06-26,0.06443333333333334
2018-06-27,0.050386400000000005
2018-06-28,0.032984684684684684
2018-06-29,0.12845901639344262
2018-06-30,0.32178333333333337
2018-07-01,0.10727272727272727
2018-07-02,0.12757362637362638
2018-07-03,0.07858461538461538
2018-07-04,0.25301666666666667
2018-07-05,0.12044444444444445
2018-07-06,0.17278666666666667
2018-07-07,0.33835714285714286
2018-07-08,0.170595
2018-07-09,0.16852125
2018-07-10,0.0948258064516129
2018-07-11,0.14430823529411765
2018-07-12,0.13933928571428572
2018-07-13,0.17787391304347827
2018-07-14,0.11227272727272729
2018-07-15,0.23062727272727274
2018-07-16,0.12803396226415095
2018-07-17,0.12983396226415095
2018-07-18,0.0632948051948052
2018-07-19,0.21275922330097088
2018-07-20,0.1753722222222222
2018-07-21,-0.032885714285714275
2018-07-22,0.22102666666666668
2018-07-23,0.1921257575757576
2018-07-24,0.11247125
2018-07-25,0.1787627272727273
2018-07-26,0.09338125
2018-07-27,0.13242136752136752
2018-07-28,0.1679375
2018-07-29,0.19889032258064515
2018-07-30,0.14740382513661204
2018-07-31,0.16238573853989813
2018-08-01,0.15619301801801802
2018-08-02,0.18666284518828452
2018-08-03,0.19813189368770764
2018-08-04,0.29008478260869563
2018-08-05,0.2438315789473684
2018-08-06,0.12673244680851065
2018-08-07,0.06640350877192983
2018-08-08,0.20338992805755396
2018-08-09,0.17745616438356165
2018-08-10,0.07584857142857143
2018-08-11,0.251521052631579
2018-08-12,0.2625176470588235
2018-08-13,0.16326967213114754
2018-08-14,0.18016857142857143
2018-08-15,0.13318826815642457
2018-08-16,0.09180252525252525
2018-08-17,0.11986504854368932
2018-08-18,0.16606153846153845
2018-08-19,0.32844285714285715
2018-08-20,0.09530571428571429
2018-08-21,0.11846865671641792
2018-08-22,0.06939764705882354
2018-08-23,0.1267980198019802
2018-08-24,0.07521630434782609
2018-08-25,0.26552
2018-08-26,0.2901125
2018-08-27,0.16621521739130435
2018-08-28,0.14742903225806453
2018-08-29,0.12944127906976743
2018-08-30,0.10589139240506329
2018-08-31,0.1491436936936937
2018-09-01,0.403996
2018-09-02,0.21239375
2018-09-03,0.28049473684210524
2018-09-04,0.14101384615384616
2018-09-05,0.11694640883977901
2018-09-06,0.003799999999999998
2018-09-07,-0.0332537037037037
2018-09-08,0.17703428571428573
2018-09-09,0.3355807692307692
2018-09-10,0.041981659388646286
2018-09-11,0.1063323383084577
2018-09-12,0.14063936305732483
2018-09-13,0.16890114942528736
2018-09-14,0.08051989247311828
2018-09-15,0.15265
2018-09-16,0.1065875
2018-09-17,0.10048661417322834
2018-09-18,0.13335059523809523
2018-09-19,0.16518766233766233
2018-09-20,0.1602086956521739
2018-09-21,0.08574921875
2018-09-22,0.18887894736842106
2018-09-23,0.07933571428571429
2018-09-24,0.17492992125984252
2018-09-25,0.11130428571428572
2018-09-26,0.13676339285714287
2018-09-27,0.09735129533678757
2018-09-28,0.14578727272727274
2018-09-29,0.1373
2018-09-30,0.09493076923076925
2018-10-01,0.13614901960784315
2018-10-02,0.18188940397350992
2018-10-03,0.1618464864864865
2018-10-04,0.04032958579881656
2018-10-05,0.05912183908045977
2018-10-06,0.3382823529411765
2018-10-07,0.202075
2018-10-08,0.14191747572815533
2018-10-09,0.20463049645390072
2018-10-10,0.06719119170984456
2018-10-11,0.13885291005291006
2018-10-12,0.16120081967213115
2018-10-13,0.13799333333333333
2018-10-14,0.29413846153846157
2018-10-15,0.08409264705882354
2018-10-16,0.10415915492957746
2018-10-17,0.10894774774774775
2018-10-18,0.05815918367346939
2018-10-19,0.09153430656934307
2018-10-20,0.06656923076923077
2018-10-21,-0.07785714285714286
2018-10-22,0.1721062937062937
2018-10-23,0.10841973684210526
2018-10-24,0.14434043715846995
2018-10-25,0.12886647058823528
2018-10-26,0.13161032608695653
2018-10-27,0.15179629629629632
2018-10-28,0.27909666666666666
2018-10-29,0.0710919014084507
2018-10-30,0.146395
2018-10-31,0.12733409090909092
2018-11-01,0.07306061472480344
2018-11-02,0.06471830303030303
2018-11-03,0.03330285714285714
2018-11-04,0.1961269230769231
2018-11-05,0.09973347368421054
2018-11-06,0.17291761658031088
2018-11-07,0.05007695652173913
2018-11-08,0.12999109589041097
2018-11-09,0.09134427860696517
2018-11-10,0.203084
2018-11-11,0.18873076923076923
2018-11-12,0.017089316239316237
2018-11-13,0.03700183486238532
2018-11-14,0.031372538860103626
2018-11-15,0.12882380952380953
2018-11-16,0.10681643835616439
2018-11-17,0.23757941176470587
2018-11-18,0.28303684210526314
2018-11-19,0.043743658536585364
2018-11-20,-0.007631533477321815
2018-11-21,0.07731849056603773
2018-11-22,0.30443030303030305
2018-11-23,0.059533333333333334
2018-11-24,0.22627105263157896
2018-11-25,-0.03364705882352942
2018-11-26,0.07026824146981626
2018-11-27,0.1216425087108014
2018-11-28,0.1486256
2018-11-29,0.12516708860759493
2018-11-30,0.08304162162162163
2018-12-01,0.2897206896551724
2018-12-02,0.18037058823529412
2018-12-03,0.19048648648648647
2018-12-04,0.056455350553505534
2018-12-05,0.2938046511627907
2018-12-06,0.04972905660377359
2018-12-07,0.03107046153846154
2018-12-08,0.05678529411764706
2018-12-09,0.15856896551724137
2018-12-10,0.0379989010989011
2018-12-11,0.05674666666666667
2018-12-12,0.05403821989528796
2018-12-13,0.13826140350877195
2018-12-14,0.036146601941747576
2018-12-15,0.17483478260869567
2018-12-16,0.2037103448275862
2018-12-17,0.08295570175438596
2018-12-18,0.11285923913043477
2018-12-19,0.06441155555555556
2018-12-20,0.02554423676012461
2018-12-21,0.06596050156739813
2018-12-22,0.02966071428571429
2018-12-23,0.0384735294117647
2018-12-24,0.0917675
2018-12-25,0.17664375
2018-12-26,0.15583594470046083
2018-12-27,0.08192329545454545
2018-12-28,0.16003040540540542
2018-12-29,0.10826842105263158
2018-12-30,0.1886235294117647
2018-12-31,0.15727403846153848
2019-01-01,0.44659642857142856
2019-01-02,-0.010075108790252394
2019-01-03,-0.0066140481651376145
2019-01-04,0.11224258373205742
2019-01-05,0.16076938775510205
2019-01-06,0.14117115384615386
2019-01-07,0.09454869565217391
2019-01-08,0.15916290909090908
2019-01-09,0.10696916426512967
2019-01-10,0.08233235294117647
2019-01-11,0.17588903225806451
2019-01-12,-0.010299999999999993
2019-01-13,0.12501470588235294
2019-01-14,0.03547106918238994
2019-01-15,0.10672191011235956
2019-01-16,0.09309142857142857
2019-01-17,0.1131751724137931
2019-01-18,0.1489723404255319
2019-01-19,0.2714142857142857
2019-01-20,0.2657037037037037
2019-01-21,0.17306774193548388
2019-01-22,0.07257751937984495
2019-01-23,0.09511485148514852
2019-01-24,0.03176884057971015
2019-01-25,0.08358223684210526
2019-01-26,0.07108
2019-01-27,0.1082157894736842
2019-01-28,0.12513666666666667
2019-01-29,0.07678528698464027
2019-01-30,0.14077760683760684
2019-01-31,0.16803446327683616
2019-02-01,0.1126896
2019-02-02,0.4412291666666666
2019-02-03,0.20386363636363639
2019-02-04,0.14642234636871507
2019-02-05,0.13866517412935322
2019-02-06,0.10597557251908396
2019-02-07,0.15072990654205606
2019-02-08,0.12052608695652174
2019-02-09,0.4127
2019-02-10,0.19528421052631578
2019-02-11,0.10364473684210526
2019-02-12,0.09730689655172413
2019-02-13,0.15098095238095235
2019-02-14,0.06580394736842106
2019-02-15,0.10406666666666667
2019-02-16,0.1906818181818182
2019-02-17,0.15261578947368423
2019-02-18,-0.015939393939393944
2019-02-19,0.12723333333333334
2019-02-20,0.12463553719008265
2019-02-21,0.14741801801801802
2019-02-22,0.18138522727272727
2019-02-23,0.19759047619047618
2019-02-24,0.08089166666666667
2019-02-25,0.1984488
2019-02-26,0.1326776470588235
2019-02-27,0.15227303370786519
2019-02-28,0.15103977272727273
2019-03-01,0.12804639175257732
2019-03-02,0.150175
2019-03-03,0.10385789473684211
2019-03-04,0.211712213740458
2019-03-05,0.07196835443037974
2019-03-06,0.18083707865168538
2019-03-07,0.05912285714285714
2019-03-08,0.16438311688311688
2019-03-09,0.21215238095238093
2019-03-10,0.22250833333333334
2019-03-11,0.12679904306220097
2019-03-12,0.17487885714285714
2019-03-13,0.12025390625
2019-03-14,0.11237529411764706
2019-03-15,0.13419883040935673
2019-03-16,0.22075172413793104
2019-03-17,0.2359388888888889
2019-03-18,0.15214583333333334
2019-03-19,0.19659719626168226
2019-03-20,0.13342372881355932
2019-03-21,0.1583502777777778
2019-03-22,0.14367462686567165
2019-03-23,0.281776
2019-03-24,0.05373783783783783
2019-03-25,0.14144737394957985
2019-03-26,0.09445963060686016
2019-03-27,0.08736589595375722
2019-03-28,0.1562285714285714
2019-03-29,0.172418253968254
2019-03-30,0.10357083333333333
2019-03-31,0.09152352941176471
2019-04-01,0.11032333333333334
2019-04-02,0.2531424
2019-04-03,0.14641456953642384
2019-04-04,0.12754150943396228
2019-04-05,0.1185735294117647
2019-04-06,0.20176470588235296
2019-04-07,0.0904875
2019-04-08,0.1557351111111111
2019-04-09,0.1257779527559055
2019-04-10,0.061820689655172414
2019-04-11,0.1789683673469388
2019-04-12,0.07668308823529413
2019-04-13,0.21595833333333334
2019-04-14,0.14349411764705883
2019-04-15,0.15389666666666665
2019-04-16,0.08082803738317756
2019-04-17,0.11730593607305936
2019-04-18,0.0912421052631579
2019-04-19,-0.03772608695652173
2019-04-20,0.04595000000000001
2019-04-21,0.3058294117647059
2019-04-22,0.054475238095238104
2019-04-23,0.08848768115942028
2019-04-24,-0.05956533333333333
2019-04-25,-0.03182564102564102
2019-04-26,0.034386666666666676
2019-04-27,0.20046666666666668
2019-04-28,0.05455769230769232
2019-04-29,0.06920437500000001
2019-04-30,0.1276831869510665
2019-05-01,0.15944664246823959
2019-05-02,0.054281578947368424
2019-05-03,0.17166810344827585
2019-05-04,0.2623388888888889
2019-05-05,0.2149344827586207
2019-05-06,0.11334503816793894
2019-05-07,0.03436837606837607
2019-05-08,-0.0005388888888888861
2019-05-09,0.09469672131147541
2019-05-10,0.058373333333333326
2019-05-11,0.09187222222222223
2019-05-12,0.0392125
2019-05-13,0.06809811320754716
2019-05-14,0.07933837837837837
2019-05-15,0.13062280701754386
2019-05-16,0.014713333333333335
2019-05-17,0.12478951612903226
2019-05-18,0.10158333333333334
2019-05-19,0.08082413793103449
2019-05-20,-0.022700537634408605
2019-05-21,0.176586387434555
2019-05-22,-0.027855248618784533
2019-05-23,-0.0014405228758169915
2019-05-24,0.13958373983739839
2019-05-25,0.39065625
2019-05-26,0.27037
2019-05-27,0.23790526315789473
2019-05-28,0.04413423423423424
2019-05-29,0.056138571428571434
2019-05-30,0.11723467741935484
2019-05-31,0.047055063291139246
2019-06-01,0.263855
2019-06-02,0.03944666666666668
2019-06-03,0.07483343283582089
2019-06-04,0.08206311111111111
2019-06-05,-0.027515833333333333
2019-06-06,0.046452873563218394
2019-06-07,0.10139919354838708
2019-06-08,0.2615764705882353
2019-06-09,0.17269444444444443
2019-06-10,0.06585981308411215
2019-06-11,0.18294814814814814
2019-06-12,0.13131208791208793
2019-06-13,0.16571734693877552
2019-06-14,0.09857943925233645
2019-06-15,0.3234916666666667
2019-06-16,0.11748888888888888
2019-06-17,0.08096911764705883
2019-06-18,0.0852744
2019-06-19,-0.034121
2019-06-20,0.13804579439252335
2019-06-21,0.21732500000000002
2019-06-22,0.12477619047619048
2019-06-23,0.2518875
2019-06-24,0.17889285714285716
2019-06-25,0.0669240506329114
2019-06-26,0.0825088888888889
2019-06-27,0.04480596026490066
2019-06-28,0.15987716535433072
2019-06-29,0.21203684210526313
2019-06-30,0.37011052631578945
2019-07-01,0.17923589743589743
2019-07-02,-0.00022051282051281385
2019-07-03,0.2297566666666667
2019-07-04,0.18508666666666668
2019-07-05,0.08352758620689654
2019-07-06,0.5783874999999999
2019-07-07,0.21400416666666666
2019-07-08,0.1252723404255319
2019-07-09,0.12423620689655172
2019-07-10,0.07185802469135802
2019-07-11,0.11326410256410256
2019-07-12,0.14442037037037037
2019-07-13,-0.020183333333333327
2019-07-14,0.2925888888888889
2019-07-15,0.1656640625
2019-07-16,0.1431987012987013
2019-07-17,0.16584328358208955
2019-07-18,0.036293
2019-07-19,0.10853809523809524
2019-07-20,0.25794736842105265
2019-07-21,0.27237692307692307
2019-07-22,0.2000782945736434
2019-07-23,0.07833471074380166
2019-07-24,0.2013162162162162
2019-07-25,0.08146559139784947
2019-07-26,0.12109739130434782
2019-07-27,0.23301176470588233
2019-07-28,0.0743375
2019-07-29,0.17698695652173912
2019-07-30,0.15138523489932887
2019-07-31,0.15410993071593534
2019-08-01,0.09282488262910797
2019-08-02,0.10360617283950618
2019-08-03,0.15911
2019-08-04,0.19265294117647058
2019-08-05,0.055905347593582885
2019-08-06,0.06988720000000001
2019-08-07,0.12789026548672566
2019-08-08,0.19345670103092782
2019-08-09,0.0785530612244898
2019-08-10,0.2041941176470588
2019-08-11,0.509325
2019-08-12,0.061846052631578954
2019-08-13,0.16116257668711656
2019-08-14,0.03468503401360544
2019-08-15,0.05992038834951457
2019-08-16,0.08084761904761904
2019-08-17,0.2143157894736842
2019-08-18,0.13484166666666667
2019-08-19,0.1909816091954023
2019-08-20,0.09007068965517241
2019-08-21,0.08504482758620689
2019-08-22,0.06666666666666667
2019-08-23,0.05407423312883435
2019-08-24,0.22011052631578948
2019-08-25,0.0897
2019-08-26,0.011184313725490197
2019-08-27,-0.03003513513513514
2019-08-28,0.18462105263157896
2019-08-29,0.08932045454545455
2019-08-30,0.20893055555555556
2019-08-31,0.4782363636363636
2019-09-01,0.1751111111111111
2019-09-02,0.2796181818181818
2019-09-03,0.036408474576271194
2019-09-04,0.2188166666666667
2019-09-05,0.1362595238095238
2019-09-06,0.1745920634920635
2019-09-07,0.32030000000000003
2019-09-08,0.2928904761904762
2019-09-09,0.1263177304964539
2019-09-10,0.11827441497659907
2019-09-11,0.1737056179775281
2019-09-12,0.05987702702702703
2019-09-13,0.05565694915254238
2019-09-14,0.2318741935483871
2019-09-15,0.2516409090909091
2019-09-16,0.08479294117647058
2019-09-17,0.11479710144927537
2019-09-18,0.11636694915254236
2019-09-19,0.1808296
2019-09-20,0.10937232142857144
2019-09-21,0.19165294117647058
2019-09-22,0.1293974358974359
2019-09-23,0.1542088888888889
2019-09-24,0.11587460317460317
2019-09-25,0.12787866666666667
2019-09-26,0.13679411764705882
2019-09-27,0.14343846153846154
2019-09-28,0.24523529411764708
2019-09-29,0.09924347826086956
2019-09-30,0.16226075268817203
2019-10-01,0.08889900497512437
2019-10-02,0.10970222222222223
2019-10-03,0.10915514018691588
2019-10-04,0.16186053811659193
2019-10-05,0.2875388888888889
2019-10-06,0.33191764705882354
2019-10-07,0.13378244680851065
2019-10-08,0.09510490797546013
2019-10-09,0.10448074074074075
2019-10-10,0.0908460396039604
2019-10-11,0.10573888888888888
2019-10-12,0.13081724137931036
2019-10-13,0.29611904761904767
2019-10-14,0.1563170068027211
2019-10-15,0.09429197080291972
2019-10-16,0.0032673684210526317
2019-10-17,0.0874912087912088
2019-10-18,0.15530982142857144
2019-10-19,0.10071764705882354
2019-10-20,0.30978666666666665
2019-10-21,0.12236650943396227
2019-10-22,0.0929992
2019-10-23,0.086544
2019-10-24,0.17559999999999998
2019-10-25,0.15614406779661016
2019-10-26,0.17764615384615384
2019-10-27,0.28863125
2019-10-28,0.19101834319526628
2019-10-29,0.11266392694063927
2019-10-30,0.14389238578680205
2019-10-31,0.16752042253521127
2019-11-01,0.17015039682539682
2019-11-02,0.21287954545454546
2019-11-03,0.2806181818181818
2019-11-04,0.1860241134751773
2019-11-05,0.12901491228070175
2019-11-06,0.15468953488372092
2019-11-07,0.15229147286821706
2019-11-08,0.2008287234042553
2019-11-09,0.3398666666666667
2019-11-10,0.31605357142857143
2019-11-11,0.10928709677419356
2019-11-12,0.14565413533834587
2019-11-13,0.09313365853658537
2019-11-14,0.09323921568627451
2019-11-15,0.1506386904761905
2019-11-16,0.3259391304347826
2019-11-17,0.18172857142857143
2019-11-18,0.1582439024390244
2019-11-19,0.16686992481203008
2019-11-20,0.13528703703703704
2019-11-21,0.14391228070175438
2019-11-22,0.13617473684210527
2019-11-23,0.24621666666666664
2019-11-24,0.11439523809523809
2019-11-25,0.1961625
2019-11-26,0.1709990099009901
2019-11-27,0.09541071428571428
2019-11-28,0.10653684210526315
2019-11-29,0.14367796610169492
2019-11-30,0.1793076923076923
2019-12-01,0.2173304347826087
2019-12-02,0.1298515463917526
2019-12-03,0.12906814159292035
2019-12-04,0.16744795918367347
2019-12-05,0.09201504424778761
2019-12-06,0.16729068322981366
2019-12-07,0.32146071428571427
2019-12-08,0.28987916666666663
2019-12-09,0.1704392670157068
2019-12-10,0.18551926605504587
2019-12-11,0.14177578947368422
2019-12-12,0.08946465116279069
2019-12-13,0.12936255924170617
2019-12-14,0.18008695652173914
2019-12-15,0.33363928571428575
2019-12-16,0.17502718446601942
2019-12-17,0.14097514124293786
2019-12-18,0.09980193548387097
2019-12-19,0.17397698412698412
2019-12-20,0.1592820809248555
2019-12-21,0.10200689655172414
2019-12-22,0.2431357142857143
2019-12-23,0.12517085714285714
2019-12-24,0.2602770114942529
2019-12-25,0.44840833333333335
2019-12-26,0.1797218009478673
2019-12-27,0.14784
2019-12-28,0.15876923076923077
2019-12-29,0.19381199999999998
2019-12-30,0.12575555555555554
2019-12-31,0.15981326530612244
2020-01-01,0.2459222222222222
2020-01-02,0.1354852564102564
2020-01-03,0.05772564841498559
2020-01-04,0.19298333333333334
2020-01-05,0.2587294117647059
2020-01-06,0.10632413793103448
2020-01-07,0.054425433526011556
2020-01-08,0.12128661417322835
2020-01-09,0.13315469613259667
2020-01-10,0.1532648979591837
2020-01-11,0.24918222222222222
2020-01-12,0.21229615384615386
2020-01-13,0.16073345588235294
2020-01-14,0.1065984375
2020-01-15,0.0677252427184466
2020-01-16,0.163559477124183
2020-01-17,0.14831342592592592
2020-01-18,0.2940775
2020-01-19,0.10313548387096774
2020-01-20,0.24745714285714285
2020-01-21,0.03653021582733813
2020-01-22,0.11473150684931507
2020-01-23,0.18476492537313435
2020-01-24,0.07303871951219512
2020-01-25,0.35102500000000003
2020-01-26,0.22112093023255816
2020-01-27,0.058925
2020-01-28,0.13719783889980353
2020-01-29,0.1561098615916955
2020-01-30,0.09092979591836735
2020-01-31,0.08552933753943218
2020-02-01,0.1276144578313253
2020-02-02,0.09687674418604651
2020-02-03,0.1036015625
2020-02-04,0.16635128205128205
2020-02-05,0.13379354838709678
2020-02-06,0.13093391812865499
2020-02-07,0.04131976047904192
2020-02-08,0.19947837837837837
2020-02-09,0.18785434782608695
2020-02-10,0.10057557603686636
2020-02-11,0.07258662420382166
2020-02-12,0.12825555555555557
2020-02-13,0.08835677419354838
2020-02-14,0.14894444444444443
2020-02-15,0.3047304347826087
2020-02-16,0.31425714285714285
2020-02-17,0.017516463414634146
2020-02-18,0.016906752411575562
2020-02-19,0.0643382075471698
2020-02-20,0.07756521739130434
2020-02-21,0.04785739910313901
2020-02-22,0.23291555555555554
2020-02-23,0.2134394736842105
2020-02-24,0.06296131147540983
2020-02-25,0.06459228070175438
2020-02-26,0.09039033613445377
2020-02-27,0.05660221606648199
2020-02-28,0.09781625282167043
2020-02-29,0.18631911764705883
2020-03-01,0.14588222222222222
2020-03-02,0.09894939024390242
2020-03-03,0.07059811912225705
2020-03-04,0.1262747311827957
2020-03-05,0.09728347457627119
2020-03-06,0.06490723981900452
2020-03-07,0.03328214285714287
2020-03-08,0.018342857142857147
2020-03-09,0.06024606413994169
2020-03-10,0.10752145748987854
2020-03-11,0.0598976
2020-03-12,0.08574569892473119
2020-03-13,0.1605414556962025
2020-03-14,0.02977325581395349
2020-03-15,0.06299076923076924
2020-03-16,0.03271076923076923
2020-03-17,0.04673064516129032
2020-03-18,0.058046428571428575
2020-03-19,0.024254106280193238
2020-03-20,0.020221777777777783
2020-03-21,0.1062186440677966
2020-03-22,0.08850222222222223
2020-03-23,0.055640331491712706
2020-03-24,0.14006470588235295
2020-03-25,0.07936827309236948
2020-03-26,0.06746182795698925
2020-03-27,0.08570705128205128
2020-03-28,0.2085857142857143
2020-03-29,0.3387969696969697
2020-03-30,0.06270751879699248
2020-03-31,0.05407368421052632
2020-04-01,0.09654060913705584
2020-04-02,-0.00597956204379562
2020-04-03,0.08594099378881988
2020-04-04,0.1722157894736842
2020-04-05,0.2601259259259259
2020-04-06,0.1812357142857143
2020-04-07,0.10413785310734464
2020-04-08,0.10031323529411765
2020-04-09,0.06287021276595745
2020-04-10,0.2702777777777778
2020-04-11,0.1511869565217391
2020-04-12,0.18584814814814815
2020-04-13,0.22838231884057972
2020-04-14,0.20633118279569893
2020-04-15,0.15656753246753247
2020-04-16,0.13862228739002933
2020-04-17,0.0848889705882353
2020-04-18,0.21097567567567568
2020-04-19,0.03184
2020-04-20,0.10144956896551724
2020-04-21,0.09579964664310954
2020-04-22,0.07388381502890173
2020-04-23,0.03495691056910569
2020-04-24,0.10873692307692308
2020-04-25,0.13722
2020-04-26,0.16694
2020-04-27,0.06028996282527881
2020-04-28,0.12549826589595375
2020-04-29,0.14652010869565218
2020-04-30,0.1048617773019272
2020-05-01,0.11995585412667946
2020-05-02,0.1679982142857143
2020-05-03,0.14025409836065575
2020-05-04,0.06837486187845304
2020-05-05,0.14303598484848484
2020-05-06,0.11888943396226416
2020-05-07,0.10237882352941176
2020-05-08,0.13303985765124554
2020-05-09,0.13584000000000002
2020-05-10,0.13265116279069766
2020-05-11,0.12700544217687074
2020-05-12,0.13746543624161073
2020-05-13,0.04686188524590164
2020-05-14,0.07925934579439253
2020-05-15,0.041366816143497756
2020-05-16,0.27916388888888893
2020-05-17,0.23402820512820513
2020-05-18,0.20269945355191257
2020-05-19,0.12404717948717948
2020-05-20,0.09850597826086957
2020-05-21,0.07949629629629629
2020-05-22,0.07852406015037594
2020-05-23,0.1931731707317073
2020-05-24,0.29222777777777775
2020-05-25,0.12533902439024389
2020-05-26,0.08231564245810057
2020-05-27,0.11268284023668639
2020-05-28,0.18919314285714287
2020-05-29,0.10479166666666667
2020-05-30,0.1545148148148148
2020-05-31,0.21106315789473684
2020-06-01,0.1146888888888889
2020-06-02,0.04461796407185629
2020-06-03,0.10562376681614351
2020-06-04,0.12332714285714287
2020-06-05,0.1305776758409786
2020-06-06,0.1527586956521739
2020-06-07,0.2969123076923077
2020-06-08,0.10409105263157895
2020-06-09,0.12930526315789473
2020-06-10,0.12644261904761905
2020-06-11,0.08607707006369428
2020-06-12,0.054681481481481484
2020-06-13,0.2783857142857143
2020-06-14,0.1944047619047619
2020-06-15,0.1482030769230769
2020-06-16,0.123348679245283
2020-06-17,0.11675265700483092
2020-06-18,0.150437323943662
2020-06-19,0.07450000000000001
2020-06-20,0.21563793103448275
2020-06-21,0.1938517857142857
2020-06-22,0.11239607843137255
2020-06-23,0.09650941704035876
2020-06-24,0.13128413173652695
2020-06-25,0.07314115384615384
2020-06-26,0.09173601895734598
2020-06-27,0.031836111111111114
2020-06-28,0.15571818181818184
2020-06-29,0.19519823788546256
2020-06-30,0.17068706896551725
2020-07-01,0.108249
2020-07-02,0.17952638036809815
2020-07-03,0.09840277777777778
2020-07-04,0.21878799999999998
2020-07-05,0.20518125
2020-07-06,0.15729276595744682
2020-07-07,0.1455068825910931
2020-07-08,0.1319326923076923
2020-07-09,0.13565376344086022
2020-07-10,0.12413349753694582
2020-07-11,0.10317
2020-07-12,0.26257118644067795
2020-07-13,0.12859611307420493
2020-07-14,0.10650036363636364
2020-07-15,0.1262292682926829
2020-07-16,0.0628783185840708
2020-07-17,0.1123080745341615
2020-07-18,0.116968
2020-07-19,0.2585644444444445
2020-07-20,0.11879077669902913
2020-07-21,0.1261594470046083
2020-07-22,0.10270645161290322
2020-07-23,0.03191569892473118
2020-07-24,0.11874204851752021
2020-07-25,0.3001357142857143
2020-07-26,0.13817540983606555
2020-07-27,0.2064432950191571
2020-07-28,0.09446062499999999
2020-07-29,0.13610114942528737
2020-07-30,0.17191620578778136
2020-07-31,0.1870015444015444
2020-08-01,0.22773063583815029
2020-08-02,0.24922476190476192
2020-08-03,0.1396146206896552
2020-08-04,0.10263361884368309
2020-08-05,0.14400771513353117
2020-08-06,0.10319639751552795
2020-08-07,0.15468380129589632
2020-08-08,0.17919827586206896
2020-08-09,0.20966666666666667
2020-08-10,0.15390526315789474
2020-08-11,0.11555721518987341
2020-08-12,0.18824927884615386
2020-08-13,0.1557575208913649
2020-08-14,0.13606751269035533
2020-08-15,0.18370983606557378
2020-08-16,0.14741014492753624
2020-08-17,0.12150723860589813
2020-08-18,0.1559608552631579
2020-08-19,0.17623858695652175
2020-08-20,0.18021067415730338
2020-08-21,0.11565725047080978
2020-08-22,0.1767336787564767
2020-08-23,0.1782614814814815
2020-08-24,0.15737475292003594
2020-08-25,0.14836000000000002
2020-08-26,0.1503601167315175
2020-08-27,0.1376721549636804
2020-08-28,0.1564383275261324
2020-08-29,0.24199560975609755
2020-08-30,0.19422028985507248
2020-08-31,0.18996334661354583
2020-09-01,0.1768158765159868
2020-09-02,0.13537840490797545
2020-09-03,0.07106422764227642
2020-09-04,0.12918757709251102
2020-09-05,0.17496184210526317
2020-09-06,0.20552083333333335
2020-09-07,0.2874640776699029
2020-09-08,0.11135147232037693
2020-09-09,0.14594365671641793
2020-09-10,0.09538528138528138
2020-09-11,0.09377171171171171
2020-09-12,0.13604943820224719
2020-09-13,0.11496043956043957
2020-09-14,0.19037166666666666
2020-09-15,0.13649738605898123
2020-09-16,0.1087948160535117
2020-09-17,0.09809199346405229
2020-09-18,0.06680808219178082
2020-09-19,0.09409207920792079
2020-09-20,0.15683956043956043
2020-09-21,0.1500957994579946
2020-09-22,0.15317367424242423
2020-09-23,0.08197327394209354
2020-09-24,0.12458940936863544
2020-09-25,0.15872590233545647
2020-09-26,0.2509053571428571
2020-09-27,0.3029914893617021
2020-09-28,0.17943465909090908
2020-09-29,0.12563320158102767
2020-09-30,0.14659513513513514
2020-10-01,0.17075320754716983
2020-10-02,0.1292796875
2020-10-03,0.27053170731707316
2020-10-04,0.15261153846153847
2020-10-05,0.16738618181818182
2020-10-06,0.1181203488372093
2020-10-07,0.14458027210884353
2020-10-08,0.11995454545454545
2020-10-09,0.17818299711815563
2020-10-10,0.33706400000000003
2020-10-11,0.29736865671641793
2020-10-12,0.20686702317290553
2020-10-13,0.14943844660194175
2020-10-14,0.14790018691588785
2020-10-15,0.12471889534883722
2020-10-16,0.15389967948717947
2020-10-17,0.14542539682539682
2020-10-18,0.17714406779661016
2020-10-19,0.1288359331476323
2020-10-20,0.1698769436997319
2020-10-21,0.2335356401384083
2020-10-22,0.16266594427244582
2020-10-23,0.15676868327402135
2020-10-24,0.29176153846153846
2020-10-25,0.22432179487179488
2020-10-26,0.11667617866004962
2020-10-27,0.20322086330935252
2020-10-28,0.10477743589743589
2020-10-29,0.11440686886708297
2020-10-30,0.10164614243323443
2020-10-31,0.24481176470588237
2020-11-01,0.13445000000000001
2020-11-02,0.08011745562130178
2020-11-03,0.16260413223140496
2020-11-04,0.1937749077490775
2020-11-05,0.1681514705882353
2020-11-06,0.10762139737991268
2020-11-07,0.2631019230769231
2020-11-08,0.5080234567901235
2020-11-09,0.15351846153846155
2020-11-10,0.14682191780821918
2020-11-11,0.15593
2020-11-12,0.1110524017467249
2020-11-13,0.1358179347826087
2020-11-14,0.16304000000000002
2020-11-15,0.18777727272727274
2020-11-16,0.13129478260869565
2020-11-17,0.14654955357142857
2020-11-18,0.07590877192982455
2020-11-19,0.15690053475935828
2020-11-20,0.16350116279069768
2020-11-21,0.20777636363636362
2020-11-22,0.17646666666666666
2020-11-23,0.04559942363112392
2020-11-24,0.17455015384615385
2020-11-25,0.19549584905660378
2020-11-26,0.24130000000000001
2020-11-27,0.20842849740932642
2020-11-28,0.13772075471698114
2020-11-29,0.17755061728395063
2020-11-30,0.17586706586826348
2020-12-01,0.21776819085487079
2020-12-02,0.16535480769230768
2020-12-03,0.19339922178988328
2020-12-04,0.14969106529209622
2020-12-05,0.2262462962962963
2020-12-06,0.1209279411764706
2020-12-07,0.17449422492401215
2020-12-08,0.17673789954337898
2020-12-09,0.14254602803738317
2020-12-10,0.13862177419354837
2020-12-11,0.1552186046511628
2020-12-12,0.23288771929824562
2020-12-13,0.21048837209302326
2020-12-14,0.18177061611374407
2020-12-15,0.17726391912908243
2020-12-16,0.1490883152173913
2020-12-17,0.18032603773584907
2020-12-18,0.12706137931034484
2020-12-19,0.17750892857142858
2020-12-20,0.16276
2020-12-21,0.16101638491547465
2020-12-22,0.14689751992914082
2020-12-23,0.17314628712871286
2020-12-24,0.22506146341463415
2020-12-25,0.2856413043478261
2020-12-26,0.255998
2020-12-27,0.18962564102564103
2020-12-28,0.1858005649717514
2020-12-29,0.14367434554973824
2020-12-30,0.20957772727272728
2020-12-31,0.21248661971830987
2021-01-01,0.32532363636363637
2021-01-02,0.17420666666666668
2021-01-03,0.2576546666666667
2021-01-04,0.17257188405797103
2021-01-05,0.19720375939849624
2021-01-06,0.1522174334140436
2021-01-07,0.15609937499999998
2021-01-08,0.13988151515151515
2021-01-09,0.15903284671532847
2021-01-10,0.09618142857142857
2021-01-11,0.13330454545454545
2021-01-12,0.14206341463414635
2021-01-13,0.1611278125
2021-01-14,0.14360039215686274
2021-01-15,0.13388449848024317
2021-01-16,0.1714
2021-01-17,0.09093584905660376
2021-01-18,0.22890615384615384
2021-01-19,0.12154396887159533
2021-01-20,0.18421528497409326
2021-01-21,0.16677437603993345
2021-01-22,0.17359253731343283
2021-01-23,0.1720512
2021-01-24,0.19010318471337578
2021-01-25,0.16520034965034963
2021-01-26,0.19027160243407706
2021-01-27,0.11917269692923899
2021-01-28,0.07228808777429467
2021-01-29,0.1045753604193971
2021-01-30,0.2603326923076923
2021-01-31,0.2219768
2021-02-01,0.15121341463414634
2021-02-02,0.26918125
2021-02-03,0.11165273722627737
2021-02-04,0.15860453686200376
2021-02-05,0.12779023746701845
2021-02-06,0.2044453488372093
2021-02-07,0.21741384615384615
2021-02-08,0.08052121212121212
2021-02-09,0.15552322580645161
2021-02-10,0.13188075709779182
2021-02-11,0.1183422480620155
2021-02-12,0.14486593059936909
2021-02-13,0.2048483870967742
2021-02-14,0.2682450704225352
2021-02-15,0.19857065217391304
2021-02-16,0.12334739884393063
2021-02-17,0.0978189497716895
2021-02-18,0.08379947780678851
2021-02-19,0.09441273712737129
2021-02-20,0.2374015873015873
2021-02-21,0.22843552631578948
2021-02-22,0.12496204081632653
2021-02-23,0.13354043645699615
2021-02-24,0.1446013392857143
2021-02-25,0.12590865603644646
2021-02-26,0.07967967479674797
2021-02-27,0.23914915254237287
2021-02-28,0.2688947916666667
2021-03-01,0.1649059753954306
2021-03-02,0.16042053571428572
2021-03-03,0.10683235294117648
2021-03-04,0.11589511754068717
2021-03-05,0.13801709090909092
2021-03-06,0.27680079999999996
2021-03-07,0.17195172413793103
2021-03-08,0.05063887240356083
2021-03-09,0.1757757322175732
2021-03-10,0.17945829383886255
2021-03-11,0.17877134986225895
2021-03-12,0.18652619047619048
2021-03-13,0.3011082352941177
2021-03-14,0.29929384615384613
2021-03-15,0.2386254854368932
2021-03-16,0.16802380952380955
2021-03-17,0.19651321695760599
2021-03-18,0.1415567415730337
2021-03-19,0.19659435028248587
2021-03-20,0.19862753623188406
2021-03-21,0.331153488372093
2021-03-22,0.09166197916666667
2021-03-23,0.1958594684385382
2021-03-24,0.2001874551971326
2021-03-25,0.1877626959247649
2021-03-26,0.2113956953642384
2021-03-27,0.23074032258064514
2021-03-28,0.310524
2021-03-29,0.23231811594202897
2021-03-30,0.19787719298245615
2021-03-31,0.1641948024948025
2021-04-01,0.2165725988700565
2021-04-02,0.1525046153846154
2021-04-03,0.3227979381443299
2021-04-04,0.4596627906976744
2021-04-05,0.21930068181818183
2021-04-06,0.1726894578313253
2021-04-07,0.15449127358490566
2021-04-08,0.13746761061946902
2021-04-09,0.1496908315565032
2021-04-10,0.3574771186440678
2021-04-11,0.291575
2021-04-12,0.2069717868338558
2021-04-13,0.16146526315789472
2021-04-14,0.1526329931972789
2021-04-15,0.21913022508038588
2021-04-16,0.23223684210526316
2021-04-17,0.31190862068965514
2021-04-18,0.38166352941176473
2021-04-19,0.2342953038674033
2021-04-20,0.14783653333333333
2021-04-21,0.14975064516129033
2021-04-22,0.20304769736842107
2021-04-23,0.20656888888888889
2021-04-24,0.2559151515151515
2021-04-25,0.3287326923076923
2021-04-26,0.1997839207048458
2021-04-27,0.22096117021276596
2021-04-28,0.15352758855585832
2021-04-29,0.13962110266159697
2021-04-30,0.1533176755447942
2021-05-01,0.29634846153846156
2021-05-02,0.3762923076923077
2021-05-03,0.21092779552715654
2021-05-04,0.1353495
2021-05-05,0.17698171641791044
2021-05-06,0.22336091549295775
2021-05-07,0.20784323144104802
2021-05-08,0.2605
2021-05-09,0.23363387096774194
2021-05-10,0.21091195219123504
2021-05-11,0.16276114457831325
2021-05-12,0.1401298969072165
2021-05-13,0.16704606741573033
2021-05-14,0.2443181102362205
2021-05-15,0.1445204081632653
2021-05-16,0.3360264705882353
2021-05-17,0.2243075
2021-05-18,0.19101355140186915
2021-05-19,0.1552913793103448
2021-05-20,0.1630686046511628
2021-05-21,0.20597350427350428
2021-05-22,0.09957058823529412
2021-05-23,0.3243768115942029
2021-05-24,0.14244260089686098
2021-05-25,0.15568093220338983
2021-05-26,0.14291727272727273
2021-05-27,0.0922718487394958
2021-05-28,0.14703991769547325
2021-05-29,0.11845111111111112
2021-05-30,0.19886976744186044
2021-05-31,0.28104864864864865
